education,response_rate,avg_balance,total_customers
primary,0.0943952802359882,1411.5442477876106,678
secondary,0.106244579358196,1196.8143972246314,2306
tertiary,0.14296296296296296,1775.4237037037037,1350
unknown,0.10160427807486631,1701.2459893048128,187
